address,chain,label_type,entity_name,source,confidence
0x28C6c06298d514Db089934071355E5743bf21d60,ethereum,EXCHANGE,Binance,public-labels,0.95
0x21a31Ee1afC51d94C2eFcCAa2092aD1028285549,ethereum,EXCHANGE,Binance,public-labels,0.95
0xDFd5293D8e347dFe59E90eFd55b2956a1343963d,ethereum,EXCHANGE,Binance,public-labels,0.95
0x56Eddb7aa87536c09CCc2793473599fD21A8b17F,ethereum,EXCHANGE,Binance,public-labels,0.95
0x9696f59E4d72E237BE84fFD425DCaD154Bf96976,ethereum,EXCHANGE,Binance,public-labels,0.95
0x4976A4A02f38326660D17bf34b431dC6e2eb2327,ethereum,EXCHANGE,Binance,public-labels,0.90
0xfE9e8709d3215310075d67E3ed32A380CCf451C8,ethereum,EXCHANGE,Binance,public-labels,0.90
0x71660c4005BA85c37ccec55d0C4493E66Fe775d3,ethereum,EXCHANGE,Coinbase,public-labels,0.95
0x503828976D22510aad0201ac7EC88293211D23Da,ethereum,EXCHANGE,Coinbase,public-labels,0.95
0xdDfAbCdc4D8FfC6d5beaf154f18B778f892A0740,ethereum,EXCHANGE,Coinbase,public-labels,0.95
0x3cD751E6b0078Be393132286c442345e5DC49699,ethereum,EXCHANGE,Coinbase,public-labels,0.95
0xb5d85CBf7cB3EE0D56b3bB207D5Fc4B82f43F511,ethereum,EXCHANGE,Coinbase,public-labels,0.90
0xeB2629a2734e272Bcc07BDA959863f316F4bD4Cf,ethereum,EXCHANGE,Coinbase,public-labels,0.90
0xA9D1e08C7793af67e9d92fe308d5697FB81d3E43,ethereum,EXCHANGE,Coinbase,public-labels,0.90
0x2910543Af39abA0Cd09dBb2D50200b3E800A63D2,ethereum,EXCHANGE,Kraken,public-labels,0.95
0x0A869d79a7052C7f1b55a8EbAbbEa3420F0D1E13,ethereum,EXCHANGE,Kraken,public-labels,0.95
0xE853c56864A2ebe4576a807D26Fdc4A0adA51919,ethereum,EXCHANGE,Kraken,public-labels,0.95
0x267be1C1D684F78cb4F6a176C4911b741E4Ffdc0,ethereum,EXCHANGE,Kraken,public-labels,0.90
0x77134cbC06cB00b66F4c7e623D5fdBF6777635EC,ethereum,EXCHANGE,Bitfinex,public-labels,0.90
0x876EabF441B2EE5B5b0554Fd502a8E0600950cFa,ethereum,EXCHANGE,Bitfinex,public-labels,0.90
0x6cC5F688a315f3dC28A7781717a9A798a59fDA7b,ethereum,EXCHANGE,OKX,public-labels,0.90
0x236F9F97e0E62388479bf9E5BA4889e46B0273C3,ethereum,EXCHANGE,OKX,public-labels,0.90
0xaB5C66752a9e8167967685F1450532fB96d5d24f,ethereum,EXCHANGE,HTX (Huobi),public-labels,0.90
0xE93381fB4c4F14bDa253907b18faD305D799241a,ethereum,EXCHANGE,HTX (Huobi),public-labels,0.90
0x0D0707963952f2fBA59dD06f2b425ace40b492Fe,ethereum,EXCHANGE,Gate.io,public-labels,0.90
0x7793cD85c11a924478d358D49b05b37E91B5810F,ethereum,EXCHANGE,Gate.io,public-labels,0.90
0x6262998Ced04146fA42253a5C0AF90CA02dfd2A3,ethereum,EXCHANGE,Crypto.com,public-labels,0.90
0x46340b20830761efd32832A74d7169B29FEB9758,ethereum,EXCHANGE,Crypto.com,public-labels,0.90
0x12D66f87A04A9E220743712cE6d9bB1B5616B8Fc,ethereum,MIXER,Tornado Cash 0.1 ETH pool,ofac-2022 delisted-2025-03,0.99
0x47CE0C6eD5B0Ce3d3A51fdb1C52DC66a7c3c2936,ethereum,MIXER,Tornado Cash 1 ETH pool,ofac-2022 delisted-2025-03,0.99
0x910Cbd523D972eb0a6f4cAe4618aD62622b39DbF,ethereum,MIXER,Tornado Cash 10 ETH pool,ofac-2022 delisted-2025-03,0.99
0xA160cdAB225685dA1d56aa342Ad8841c3b53f291,ethereum,MIXER,Tornado Cash 100 ETH pool,ofac-2022 delisted-2025-03,0.99
0x8589427373D6D84E98730D7795D8f6f8731FDA16,ethereum,MIXER,Tornado Cash router,ofac-2022 delisted-2025-03,0.95
0x722122dF12D4e14e13Ac3b6895a86e84145b6967,ethereum,MIXER,Tornado Cash proxy,ofac-2022 delisted-2025-03,0.95
0x098B716B8Aaf21512996dC57EB0615e2383E2f96,ethereum,SANCTIONED,Lazarus Group (Ronin Bridge exploit),ofac-sdn,0.99
